id,session_key,library_name,years_experience,familiar,general_rating,task_list,code_examples_methods,code_examples_classes,text_readability,code_readability,consistency,navigability,usefulness,where_see,matching,general_feedback
1,bqhhtq06a7rgijwdrdylt3ls0aaytwcy,GitPython,4,1,NULL,NULL,NULL,NULL,NULL,NULL,NULL,NULL,NULL,NULL,NULL,NULL
2,ppdvs47kv6n4gszdnrn5eaoqeilfr494,orjson,2,0,NULL,NULL,NULL,NULL,NULL,NULL,NULL,NULL,NULL,NULL,NULL,NULL
3,b3lyejd5a90q52unjdldmgzthkcavi57,GitPython,10,0,NULL,NULL,NULL,NULL,NULL,NULL,NULL,NULL,NULL,NULL,NULL,NULL
4,e89uyeo1tp99qdo26ro3u8h7sxtl0hx0,Requests,15,0,NULL,NULL,NULL,NULL,NULL,NULL,NULL,NULL,NULL,NULL,NULL,NULL
5,km8qrcu63rsml0b717rnvhal6z25q5vi,NLTK,0,1,NULL,NULL,NULL,NULL,NULL,NULL,NULL,NULL,NULL,NULL,NULL,NULL
6,g0lg1oav4ush6p56c4rk3kizm9y1oxf8,Requests,12,1,NULL,NULL,NULL,NULL,NULL,NULL,NULL,NULL,NULL,NULL,NULL,NULL
7,ufp5ludc7w9fd94sie1wse5761lt2ux5,Bpmn-visualization,12,1,NULL,NULL,NULL,NULL,NULL,NULL,NULL,NULL,NULL,NULL,NULL,NULL
8,fp6qrhsy2m3g9npaw56tx7y5quo5iuyx,orjson,6,0,NULL,NULL,NULL,NULL,NULL,NULL,NULL,NULL,NULL,NULL,NULL,NULL
9,fp6qrhsy2m3g9npaw56tx7y5quo5iuyx,CoreNLP,6,1,NULL,NULL,NULL,NULL,NULL,NULL,NULL,NULL,NULL,NULL,NULL,NULL
10,fp6qrhsy2m3g9npaw56tx7y5quo5iuyx,netty,6,0,NULL,NULL,NULL,NULL,NULL,NULL,NULL,NULL,NULL,NULL,NULL,NULL
11,fp6qrhsy2m3g9npaw56tx7y5quo5iuyx,memfs,6,0,NULL,NULL,NULL,NULL,NULL,NULL,NULL,NULL,NULL,NULL,NULL,NULL
12,3imxyv49vuf5xywhzqai65qtshbwlhov,GitPython,5,1,NULL,NULL,NULL,NULL,NULL,NULL,NULL,NULL,NULL,NULL,NULL,NULL
13,wo8z7r4b542idku3gorlvq2z40dijebw,orjson,10,0,NULL,NULL,NULL,NULL,NULL,NULL,NULL,NULL,NULL,NULL,NULL,NULL
14,2sl7zhl1cpiuzpaqxsti1xwcjz5hbq6c,orjson,3,0,NULL,NULL,NULL,NULL,NULL,NULL,NULL,NULL,NULL,NULL,NULL,NULL
15,hevprqwjqt683fns27nezrctscjwxxrq,orjson,5,0,NULL,NULL,NULL,NULL,NULL,NULL,NULL,NULL,NULL,NULL,NULL,NULL
16,aool7k0a6zknt79vd9juu7aywyz0csl1,Ivy,40,1,NULL,NULL,NULL,NULL,NULL,NULL,NULL,NULL,NULL,NULL,NULL,NULL
17,6tdipjz7ael3a8aa2ok3kf3fo7jq3e2m,NLTK,5,0,NULL,NULL,NULL,NULL,NULL,NULL,NULL,NULL,NULL,NULL,NULL,NULL
18,w7katoxghlvqavj42f4u9e5kofec749f,Bpmn-visualization,4,0,NULL,NULL,NULL,NULL,NULL,NULL,NULL,NULL,NULL,NULL,NULL,NULL
19,xpbd7vsx61j2kuii8i34hmskomqugw90,Numba,15,1,NULL,NULL,NULL,NULL,NULL,NULL,NULL,NULL,NULL,NULL,NULL,NULL
20,f7hxlx3b3xm3n8wlwizo6qbhrh8erpib,Requests,8,1,NULL,NULL,NULL,NULL,NULL,NULL,NULL,NULL,NULL,NULL,NULL,NULL
21,4tyxkls58920lty14iv82758estafgd0,Ivy,0,0,NULL,NULL,NULL,NULL,NULL,NULL,NULL,NULL,NULL,NULL,NULL,NULL
22,79m7qolpxes6gx99ousjucx40u8b6182,Ivy,5,0,NULL,NULL,NULL,NULL,NULL,NULL,NULL,NULL,NULL,NULL,NULL,NULL
23,c0j6fae5m3fidvte9np5s1hlqqs6jtdx,Ivy,20,0,NULL,NULL,NULL,NULL,NULL,NULL,NULL,NULL,NULL,NULL,NULL,NULL
24,c7oalpwsv3kizwda7xsdwjjiefd2ckv7,scanpy,8,1,NULL,NULL,NULL,NULL,NULL,NULL,NULL,NULL,NULL,NULL,NULL,NULL
25,xsgwawvmsl0i94sxidbfrebz8qc7moy8,jQuery,30,1,NULL,NULL,NULL,NULL,NULL,NULL,NULL,NULL,NULL,NULL,NULL,NULL
26,5bj5kdjzjlkuc80p5cl875ukwfx4ecy0,Ivy,10,0,NULL,NULL,NULL,NULL,NULL,NULL,NULL,NULL,NULL,NULL,NULL,NULL
27,g2rqyqdw7sh5y9gp9kbui9nti7020ro3,Ivy,10,0,NULL,NULL,NULL,NULL,NULL,NULL,NULL,NULL,NULL,NULL,NULL,NULL
28,j9heqeafrnebnqn00dyt2r7n4b2m8zha,jQuery,20,1,NULL,NULL,NULL,NULL,NULL,NULL,NULL,NULL,NULL,NULL,NULL,NULL
29,lurz1f1t96eept36m9tbjsqzpxnazi2x,orjson,7,0,NULL,NULL,NULL,NULL,NULL,NULL,NULL,NULL,NULL,NULL,NULL,NULL
30,35itjweymf3u7uwsmyvwjm2xwz9o1lvb,numpy,23,1,2,1,1,3,4,3,3,4,1,None,1,numpy's documentation is large. It's possible that your crawling just didn't find relevant portions. There is no way for me to tell from the summary what your crawler actually saw.\nThere does not seem to be any relationship between the overall star summary (4/5) and the individual quality metrics (mostly 0/5).
31,9cc2xb4larwcbv7jint7uwyimj7aug3t,scanpy,4,1,NULL,NULL,NULL,NULL,NULL,NULL,NULL,NULL,NULL,NULL,NULL,NULL
32,dflrtlqmdcw8i61y4uvd8tny4drj3z7f,scanpy,6,1,NULL,NULL,NULL,NULL,NULL,NULL,NULL,NULL,NULL,NULL,NULL,NULL
33,3vcia1pfmnc7svoynz4oza4xih44fuus,PyOpenGL,40,1,NULL,NULL,NULL,NULL,NULL,NULL,NULL,NULL,NULL,NULL,NULL,NULL
34,vwk1qtxh9ohuablkefrzcmlc8c6s6atc,pyAFQ,11,1,NULL,NULL,NULL,NULL,NULL,NULL,NULL,NULL,NULL,NULL,NULL,NULL
35,zrd7w1f9dc3epua2ullphx94662iya38,Requests,15,1,NULL,NULL,NULL,NULL,NULL,NULL,NULL,NULL,NULL,NULL,NULL,NULL
36,j0sku2yxa17dxxeijvbl3e4jp758wuc6,ibis-project,0,1,NULL,NULL,NULL,NULL,NULL,NULL,NULL,NULL,NULL,NULL,NULL,NULL
37,xsuu6vu67aeqk3mvsy8t0we8qgq95xgz,scanpy,5,1,NULL,NULL,NULL,NULL,NULL,NULL,NULL,NULL,NULL,NULL,NULL,NULL
38,ethay63h9oe7muwcm0nsbkqvku9x7adv,scanpy,5,1,NULL,NULL,NULL,NULL,NULL,NULL,NULL,NULL,NULL,NULL,NULL,NULL
39,5z9yvhf8ciwjxxaka9pttnyudkq2zu2v,orjson,1,1,NULL,NULL,NULL,NULL,NULL,NULL,NULL,NULL,NULL,NULL,NULL,NULL
40,zuafd92w6ujg3dvrc7cdz93r84up9jwm,Ivy,2,0,NULL,NULL,NULL,NULL,NULL,NULL,NULL,NULL,NULL,NULL,NULL,NULL
41,c8tcx4wjzxc25cs7tid07hpd1hynssir,numpy,100,0,NULL,NULL,NULL,NULL,NULL,NULL,NULL,NULL,NULL,NULL,NULL,NULL
42,t064vi9gicadcync3h422dfr1238gmef,numpy,25,1,NULL,NULL,NULL,NULL,NULL,NULL,NULL,NULL,NULL,NULL,NULL,NULL
43,t064vi9gicadcync3h422dfr1238gmef,rcdesign,25,1,NULL,NULL,NULL,NULL,NULL,NULL,NULL,NULL,NULL,NULL,NULL,NULL
44,g3r2g54tb7lid96mqo059vwuxqks65w6,numpy,4,1,NULL,NULL,NULL,NULL,NULL,NULL,NULL,NULL,NULL,NULL,NULL,NULL
45,ripj7ub7c68jsd7u5qmf23dppgia8uya,Ivy,22,0,NULL,NULL,NULL,NULL,NULL,NULL,NULL,NULL,NULL,NULL,NULL,NULL
46,zo3hew7xqyvw1d61chzdlkr12qusul94,orjson,18,0,NULL,NULL,NULL,NULL,NULL,NULL,NULL,NULL,NULL,NULL,NULL,NULL
47,5rjmiitmq5q7vapws15g2srjie4mjvcy,Ivy,0,0,NULL,NULL,NULL,NULL,NULL,NULL,NULL,NULL,NULL,NULL,NULL,NULL
48,ripj7ub7c68jsd7u5qmf23dppgia8uya,jQuery,22,0,NULL,NULL,NULL,NULL,NULL,NULL,NULL,NULL,NULL,NULL,NULL,NULL
49,7rvbdanqp1om5p7g1lzy5dasbhbl7xyu,GitPython,0,0,NULL,NULL,NULL,NULL,NULL,NULL,NULL,NULL,NULL,NULL,NULL,NULL
50,viv74m16eyyakhonebz6044rfvemx14h,ibis-project,0,1,NULL,NULL,NULL,NULL,NULL,NULL,NULL,NULL,NULL,NULL,NULL,NULL
51,chpgy8idu7jurwyzpjsnmszhjq6b7xix,orjson,18,0,NULL,NULL,NULL,NULL,NULL,NULL,NULL,NULL,NULL,NULL,NULL,NULL
52,0ocbdl0w7df6tfsc4ygkus1q9rjepts1,orjson,3,0,NULL,NULL,NULL,NULL,NULL,NULL,NULL,NULL,NULL,NULL,NULL,NULL
53,5tfu21izmytxukoqy9auw68ly5q22axv,numpy,10,0,NULL,NULL,NULL,NULL,NULL,NULL,NULL,NULL,NULL,NULL,NULL,NULL
54,e28x2ev6r8ndnd7ct1q3701hiknastq9,React,20,1,NULL,NULL,NULL,NULL,NULL,NULL,NULL,NULL,NULL,NULL,NULL,NULL
55,nltjf523al86z4tmmajzg2xxq8b7xn4j,Ivy,10,0,NULL,NULL,NULL,NULL,NULL,NULL,NULL,NULL,NULL,NULL,NULL,NULL
56,g3dvly15jflbtzjvvyz1eduwj44bpu9d,Ivy,30,0,NULL,NULL,NULL,NULL,NULL,NULL,NULL,NULL,NULL,NULL,NULL,NULL
57,xjgbq8ocu6ooc8orl7qfttochavajkpf,numpy,3,1,NULL,NULL,NULL,NULL,NULL,NULL,NULL,NULL,NULL,NULL,NULL,NULL
58,rasbv5okxr34t6gvkav8aupjgxv7bs78,numpy,4,1,NULL,NULL,NULL,NULL,NULL,NULL,NULL,NULL,NULL,NULL,NULL,NULL
59,rasbv5okxr34t6gvkav8aupjgxv7bs78,Ivy,3,1,NULL,NULL,NULL,NULL,NULL,NULL,NULL,NULL,NULL,NULL,NULL,NULL
60,rasbv5okxr34t6gvkav8aupjgxv7bs78,orjson,2,1,NULL,NULL,NULL,NULL,NULL,NULL,NULL,NULL,NULL,NULL,NULL,NULL
61,4ga84340ch77qq0zte3ft6g5wyrlwsz0,JSON-java,16,1,NULL,NULL,NULL,NULL,NULL,NULL,NULL,NULL,NULL,NULL,NULL,NULL
62,8l23li55mjx2kxeuihm35sbi4c8wmh1b,scanpy,4,1,NULL,NULL,NULL,NULL,NULL,NULL,NULL,NULL,NULL,NULL,NULL,NULL
63,2nr01w9ob1zs6tr5cisa27rqz0qrv99y,numpy,2,1,NULL,NULL,NULL,NULL,NULL,NULL,NULL,NULL,NULL,NULL,NULL,NULL
64,2nr01w9ob1zs6tr5cisa27rqz0qrv99y,NLTK,2,1,NULL,NULL,NULL,NULL,NULL,NULL,NULL,NULL,NULL,NULL,NULL,NULL
65,2nr01w9ob1zs6tr5cisa27rqz0qrv99y,React,2,1,NULL,NULL,NULL,NULL,NULL,NULL,NULL,NULL,NULL,NULL,NULL,NULL
66,2nr01w9ob1zs6tr5cisa27rqz0qrv99y,orjson,3,0,NULL,NULL,NULL,NULL,NULL,NULL,NULL,NULL,NULL,NULL,NULL,NULL
67,2nr01w9ob1zs6tr5cisa27rqz0qrv99y,scanpy,2,0,NULL,NULL,NULL,NULL,NULL,NULL,NULL,NULL,NULL,NULL,NULL,NULL
68,2nr01w9ob1zs6tr5cisa27rqz0qrv99y,jQuery,2,0,4,5,4,4,4,2,2,5,4,package_manager,NULL,Since jQuery is a popular package documenting some security practices/well-known issues might be helpful too. I am not sure how feasible this is though.
69,zhfswu6l8lil7sszofkpo22pbl54emx0,twilio,10,1,NULL,NULL,NULL,NULL,NULL,NULL,NULL,NULL,NULL,NULL,NULL,NULL
70,0mkmtlwmdxman0uvyyzp9lul6ns77nrf,PyOpenGL,40,1,NULL,NULL,NULL,NULL,NULL,NULL,NULL,NULL,NULL,NULL,NULL,NULL
71,spz7zr7ygxbr54of811r2z4yiluiim4a,orjson,1,0,NULL,NULL,NULL,NULL,NULL,NULL,NULL,NULL,NULL,NULL,NULL,NULL
72,pdogwt9h40nen4cx142pk9lsu1x5cs2n,twilio,11,1,NULL,NULL,NULL,NULL,NULL,NULL,NULL,NULL,NULL,NULL,NULL,NULL
73,pdogwt9h40nen4cx142pk9lsu1x5cs2n,Meyda,11,1,NULL,NULL,NULL,NULL,NULL,NULL,NULL,NULL,NULL,NULL,NULL,NULL
74,9evc6jyjy3dpsvjpw63nrvhrv6n5w7mt,NLTK,2,0,NULL,NULL,NULL,NULL,NULL,NULL,NULL,NULL,NULL,NULL,NULL,NULL
75,9evc6jyjy3dpsvjpw63nrvhrv6n5w7mt,Tensorflow,2,1,NULL,NULL,NULL,NULL,NULL,NULL,NULL,NULL,NULL,NULL,NULL,NULL
76,1bo6bkzr1d5bec48l8winsxd180jv387,NLTK,5,0,NULL,NULL,NULL,NULL,NULL,NULL,NULL,NULL,NULL,NULL,NULL,NULL
77,mifyal8jgh777krs7washvsrkuleho8t,Meyda,11,1,NULL,NULL,NULL,NULL,NULL,NULL,NULL,NULL,NULL,NULL,NULL,NULL
78,thuw5yjur211imskbe1lvy60892dhn04,React,3,1,NULL,NULL,NULL,NULL,NULL,NULL,NULL,NULL,NULL,NULL,NULL,NULL
79,gvlg3ee5772qoer2j512iqc9nh0vrg7z,orjson,5,0,NULL,NULL,NULL,NULL,NULL,NULL,NULL,NULL,NULL,NULL,NULL,NULL
80,gvlg3ee5772qoer2j512iqc9nh0vrg7z,Typescript,5,1,NULL,NULL,NULL,NULL,NULL,NULL,NULL,NULL,NULL,NULL,NULL,NULL
81,pli0u67ti04pscktnzlgifom6aii0552,orjson,23,0,NULL,NULL,NULL,NULL,NULL,NULL,NULL,NULL,NULL,NULL,NULL,NULL
82,l7r9nejouaprzsaeizvf65hpt1pntv9b,numpy,13,1,NULL,NULL,NULL,NULL,NULL,NULL,NULL,NULL,NULL,NULL,NULL,NULL
83,e9c1wdsteasedzov3l3j0xrsf3lpkvnq,Typescript,0,1,4,4,4,4,4,4,4,4,3,readme,4,NULL
84,ia0wwi9y0yyq0atp4y1otmptxhorlign,jQuery,1000,1,NULL,NULL,NULL,NULL,NULL,NULL,NULL,NULL,NULL,NULL,NULL,NULL
85,i6sudelzamjbt5k213xcr4cgtz1rechw,jQuery,5,1,NULL,NULL,NULL,NULL,NULL,NULL,NULL,NULL,NULL,NULL,NULL,NULL
86,wzsdnz1s15qy8wucf3beho3dx8jalkiv,orjson,2,1,NULL,NULL,NULL,NULL,NULL,NULL,NULL,NULL,NULL,NULL,NULL,NULL
87,rnlws9e0hfsvhl1fvbwb751orfiyjy05,twilio,10,1,NULL,NULL,NULL,NULL,NULL,NULL,NULL,NULL,NULL,NULL,NULL,NULL
88,7pydn5qq8au0qew8975ugusm02j477kd,React,6,1,NULL,NULL,NULL,NULL,NULL,NULL,NULL,NULL,NULL,NULL,NULL,NULL
89,ruxilks1ugyp5pa6xos2kljhn237htly,netty,5,1,NULL,NULL,NULL,NULL,NULL,NULL,NULL,NULL,NULL,NULL,NULL,NULL
90,bttzlviofjb63fe0cv40yu7z84q14hew,jBinary,25,0,NULL,NULL,NULL,NULL,NULL,NULL,NULL,NULL,NULL,NULL,NULL,NULL
91,4uy3nm1jv8q0cldfm89euxig51ob6n3a,twilio,3,1,NULL,NULL,NULL,NULL,NULL,NULL,NULL,NULL,NULL,NULL,NULL,NULL
92,te54suy84afax90wcz8zk0jsxkr32l9e,JSON-java,7,0,NULL,NULL,NULL,NULL,NULL,NULL,NULL,NULL,NULL,NULL,NULL,NULL
93,kax8x5zs47tqinuxckehu7y9bquoexqn,twilio,4,1,NULL,NULL,NULL,NULL,NULL,NULL,NULL,NULL,NULL,NULL,NULL,NULL
94,gob9uagk8srvxa44hjuelyvd3txx66kk,Numba,1,1,NULL,NULL,NULL,NULL,NULL,NULL,NULL,NULL,NULL,NULL,NULL,NULL
95,wtxrr0f6e5ucven8t2ulh22pfrfj8iwz,numpy,7,1,NULL,NULL,NULL,NULL,NULL,NULL,NULL,NULL,NULL,NULL,NULL,NULL
96,yij8zqp3h9lzg3zfl46geyo6vgjwyj2n,twilio,20,1,NULL,NULL,NULL,NULL,NULL,NULL,NULL,NULL,NULL,NULL,NULL,NULL
97,lrbnx7ypi9g47govaefse3o8ntw5hro6,python-socketio,30,1,NULL,NULL,NULL,NULL,NULL,NULL,NULL,NULL,NULL,NULL,NULL,NULL
98,3zzjr64s7djq33d5k1uf3dml2jxgl5ol,requests,6,1,NULL,NULL,NULL,NULL,NULL,NULL,NULL,NULL,NULL,NULL,NULL,NULL
99,vkh2yzqtujcmm67xumn4c3y2vu7nqsoe,numpy,1,1,NULL,NULL,NULL,NULL,NULL,NULL,NULL,NULL,NULL,NULL,NULL,NULL
100,hs5pc27s5zn8e3tk7c8fqgh5ayism6vo,twilio,20,0,NULL,NULL,NULL,NULL,NULL,NULL,NULL,NULL,NULL,NULL,NULL,NULL
101,knqsgp8pvfagrrek3c4s3xj4jnil7ikx,twilio,8,1,NULL,NULL,NULL,NULL,NULL,NULL,NULL,NULL,NULL,NULL,NULL,NULL
102,vrti08ht6qsyga4w2i0es4q5jtv8o30f,React,3,1,NULL,NULL,NULL,NULL,NULL,NULL,NULL,NULL,NULL,NULL,NULL,NULL
103,gxahtcyqp741xoyg8vcbowa8e9kcc2qm,orjson,5,0,NULL,NULL,NULL,NULL,NULL,NULL,NULL,NULL,NULL,NULL,NULL,NULL
104,81jkz0fby88qyyqjv0e8os1mumxnmakf,numpy,3,1,5,4,4,4,5,4,3,3,5,readme,4,NULL
105,5f9ouv72rwb8xw1aihw8r2cb90j2vkdv,twilio,30,1,NULL,NULL,NULL,NULL,NULL,NULL,NULL,NULL,NULL,NULL,NULL,NULL
106,i6bng41sb6z5a2ug4boak0vro0tw6rg8,Mockito,22,1,NULL,NULL,NULL,NULL,NULL,NULL,NULL,NULL,NULL,NULL,NULL,NULL
107,3w49yz9kapgq34kzftr8qq1gmcogth7d,twilio,9,0,NULL,NULL,NULL,NULL,NULL,NULL,NULL,NULL,NULL,NULL,NULL,NULL
108,0rdntkjh9ciwltb2t8c5lo9mq05pzl6y,zoo-web-components,8,1,NULL,NULL,NULL,NULL,NULL,NULL,NULL,NULL,NULL,NULL,NULL,NULL
109,9zmwljgjrt8nt1mi0ttg8sk64ska7d1s,Mockito,6,1,NULL,NULL,NULL,NULL,NULL,NULL,NULL,NULL,1,readme,4,NULL
110,dyv1p3tzifi1by3ve4ye67wd1u9oy75j,axios,10,1,3,3,3,3,3,3,1,3,1,None,1,Doesn't seem to have discovered anything other than installation instructions
111,6hqg2hg4ae7zizm44smsislauct79xj2,orjson,6,0,NULL,NULL,NULL,NULL,NULL,NULL,NULL,NULL,NULL,NULL,NULL,NULL
112,iwo5w4ywdxwm6ih4z3d0ub5om2rbpnxe,orjson,8,0,NULL,NULL,NULL,NULL,NULL,NULL,NULL,NULL,NULL,NULL,NULL,NULL
113,iwo5w4ywdxwm6ih4z3d0ub5om2rbpnxe,requests,8,1,NULL,NULL,NULL,NULL,NULL,NULL,NULL,NULL,NULL,NULL,NULL,NULL
114,iwo5w4ywdxwm6ih4z3d0ub5om2rbpnxe,jQuery,8,1,4,4,1,1,5,5,1,5,5,Both readme and package manager page,NULL,NULL
115,iwo5w4ywdxwm6ih4z3d0ub5om2rbpnxe,Typescript,8,1,NULL,NULL,NULL,NULL,NULL,NULL,NULL,NULL,NULL,NULL,NULL,NULL
116,znia3481w6iwzj01yc5duiqe3xllqdy4,numpy,4,1,4,4,3,3,5,3,3,5,4,readme,4,I don't know whether I am interested in methods examples and class examples (at least for Python).
119,znia3481w6iwzj01yc5duiqe3xllqdy4,NLTK,2,1,4,4,4,4,3,1,4,5,3,readme,4,NULL
120,0ya0a675oqthpmleng3z9fct5l1gciar,requests,2,1,NULL,NULL,NULL,NULL,NULL,NULL,NULL,NULL,NULL,NULL,NULL,NULL
121,i16fgzwgytlcnntlc0jqs02rzarpia7r,react-query,12,1,NULL,NULL,NULL,NULL,NULL,NULL,NULL,NULL,NULL,NULL,NULL,NULL
122,d3njj2391vkq5ed0hcc9xotazwket4bo,numpy,3,1,4,4,5,5,4,5,5,5,4,readme,2,NULL
123,n3b9mdkledz2nzhbz82urx5g57pasv0t,numpy,2,1,4,4,5,5,4,5,4,3,5,readme,4,NULL
124,t8r2s4fhilpd0ai8v17pybe1t9fciy8b,twilio,25,1,NULL,NULL,NULL,NULL,NULL,NULL,NULL,NULL,NULL,NULL,NULL,NULL
125,4yo374bfnxm2as4l9020yvuu1cn22dx8,Tensorflow,4,0,NULL,NULL,NULL,NULL,NULL,NULL,NULL,NULL,NULL,NULL,NULL,NULL
126,4yo374bfnxm2as4l9020yvuu1cn22dx8,Pytorch,4,1,NULL,NULL,NULL,NULL,NULL,NULL,NULL,NULL,NULL,NULL,NULL,NULL
127,4yo374bfnxm2as4l9020yvuu1cn22dx8,numpy,2,1,5,4,4,4,5,4,4,2,4,readme,3,It feels like some of the sections should have much higher important or scores than they do. It is not clear why readability of code examples is crossed out.
128,1cpv1spnavuhw26voa5vatgvgnjxf9in,React,2,1,NULL,NULL,NULL,NULL,NULL,NULL,NULL,NULL,NULL,NULL,NULL,NULL
129,1cpv1spnavuhw26voa5vatgvgnjxf9in,numpy,4,1,5,4,4,3,5,5,5,5,4,package_manager,5,NULL
130,1cpv1spnavuhw26voa5vatgvgnjxf9in,Tensorflow,4,1,4,4,4,3,5,5,5,5,4,package_manager,5,NULL
131,mydl197mcss0jok602gp4ldlhsrii4qp,orjson,10,0,NULL,NULL,NULL,NULL,NULL,NULL,NULL,NULL,NULL,NULL,NULL,NULL
132,e2k0vtl5t8w0oi4ssenme9a0bo51nu35,React,4,1,4,4,5,5,4,5,2,5,2,package_manager,2,NULL
133,jggj6d98g35s3herlv3oqs5d5ixrrgv3,numpy,5,1,NULL,NULL,NULL,NULL,NULL,NULL,NULL,NULL,NULL,NULL,NULL,NULL
134,ln0dmq7cyu4p67dka179fctrlakangd1,React,4,1,5,5,4,4,5,5,5,5,5,readme,5,NULL
135,ryz9qo7lctczknsse9uwq2r6gmhahkhh,numpy,1,1,NULL,NULL,NULL,NULL,NULL,NULL,NULL,NULL,NULL,NULL,NULL,NULL
136,owh1koq1br45ciuczqjsjgkixu5lh3pe,React,9,1,NULL,NULL,NULL,NULL,NULL,NULL,NULL,NULL,NULL,NULL,NULL,NULL
137,aetuwu7ph3fktiwjn63chsba3996ztuy,orjson,0,0,NULL,NULL,NULL,NULL,NULL,NULL,NULL,NULL,NULL,NULL,NULL,NULL
138,22s26kqkauu472gr7wrge8hf95aj3gof,NLTK,4,1,NULL,NULL,NULL,NULL,NULL,NULL,NULL,NULL,NULL,NULL,NULL,NULL
139,eajby9qahsj48kwswxl9kz3t7l02ztvl,React,3,1,4,1,5,5,5,5,3,4,5,package_manager,2,"My experience with React's documentation has been overall pleasant. While I agree with the navigation rating I disagree with the documentation quality metric for ""Readability of text"" and ""Readability of code examples"" - I think the text and code examples are very easy to understand and easy to read."
140,2gwp6erpcm6tl6oxe57egbbs3zc2gd1u,Typescript,8,1,NULL,NULL,NULL,NULL,NULL,NULL,NULL,NULL,NULL,NULL,NULL,NULL
141,zgxyx3tazwi1xfaat6m9srtlh9vwyqfo,requests,15,1,NULL,NULL,NULL,NULL,NULL,NULL,NULL,NULL,NULL,NULL,NULL,NULL
142,7s2921tjo988ea0uquz8krc00ztwcpq7,Pytorch,5,0,NULL,NULL,NULL,NULL,NULL,NULL,NULL,NULL,NULL,NULL,NULL,NULL
143,7cuvwi9smvam4jb3q8wcbs2zips8u6pq,pyppeteer,2,1,NULL,NULL,NULL,NULL,NULL,NULL,NULL,NULL,NULL,NULL,NULL,NULL
144,p7rkx9lg518fad8ziclwfn0f4zdq4cgm,pyppeteer,1,1,2,2,5,4,4,5,5,2,3,readme,2,NULL
145,tccpklnzpw8lto91f8hikzaxqdnq3ugg,Mockito,5,1,NULL,NULL,NULL,NULL,NULL,NULL,NULL,NULL,NULL,NULL,NULL,NULL
146,d2cmszmgsprwayng3f5x6tp0nmd3i2ct,scikit-learn,6,1,3,4,5,4,3,4,4,4,4,package_manager,2,More difficult to properly assess the documentation quality given that the link for official documentation is more of a map for relevant documentation of methods rather than an all-encompassing page.
147,d2cmszmgsprwayng3f5x6tp0nmd3i2ct,numpy,6,1,NULL,NULL,NULL,NULL,NULL,NULL,NULL,NULL,NULL,NULL,NULL,NULL
148,qjkfbswvl0irmqmos74dmf5nkd75n0dv,soot,36,1,4,2,4,4,4,4,4,4,4,readme,5,NULL
149,fbt858dedcht9by3mifau7iiocf468am,testrun,10,0,NULL,NULL,NULL,NULL,NULL,NULL,NULL,NULL,NULL,NULL,NULL,NULL
150,5r4ylonz9dikkvs5a7d0e1iilspn6v6m,jQuery,12,1,4,2,4,4,2,2,1,2,4,readme,1,I find it difficult to understand how the metrics are actually populated: what data are they based on? How were they calculated? Based on what data? Which version of jQuery? jQuery is a very bizarre library since most the functionality is exposed on the $(selector) object. How are code examples extracted?\n\nI just find it difficult to draw a conclusion from jQuery's documentation to these metrics.
151,5r4ylonz9dikkvs5a7d0e1iilspn6v6m,Flask,12,1,2,3,2,2,2,2,2,4,4,readme,2,The Flask project starts with a tutorial that teaches you how to use it from the start up. This is a good documentation and it is unclear how these metrics account for solid tutorials. That said it's sometimes difficult to find Flask API methods and types. These metrics do not reflect many of the practical considerations of Flask's documentation quality.
152,5r4ylonz9dikkvs5a7d0e1iilspn6v6m,JSON-java,12,0,NULL,NULL,NULL,NULL,NULL,NULL,NULL,NULL,NULL,NULL,NULL,NULL
153,5r4ylonz9dikkvs5a7d0e1iilspn6v6m,CoreNLP,12,0,NULL,NULL,NULL,NULL,NULL,NULL,NULL,NULL,NULL,NULL,NULL,NULL
154,ap2wn4dwehshb098l5vdjfcdmysw1loa,react-query,10,1,NULL,NULL,NULL,NULL,NULL,NULL,NULL,NULL,NULL,NULL,NULL,NULL
155,3imvdn7kxvoqldq8ano5l6c1kfhkvpme,scikit-learn,15,1,NULL,NULL,NULL,NULL,NULL,NULL,NULL,NULL,NULL,NULL,NULL,NULL
156,zc4jooq0j0fes3howcswd5mg3unrnim6,orjson,4,0,NULL,NULL,NULL,NULL,NULL,NULL,NULL,NULL,NULL,NULL,NULL,NULL
157,zc4jooq0j0fes3howcswd5mg3unrnim6,requests,4,1,NULL,NULL,NULL,NULL,NULL,NULL,NULL,NULL,NULL,NULL,NULL,NULL
158,zc4jooq0j0fes3howcswd5mg3unrnim6,Mockito,4,1,NULL,NULL,NULL,NULL,NULL,NULL,NULL,NULL,NULL,NULL,NULL,NULL
159,zc4jooq0j0fes3howcswd5mg3unrnim6,soot,4,0,NULL,NULL,NULL,NULL,NULL,NULL,NULL,NULL,NULL,NULL,NULL,NULL
160,zc4jooq0j0fes3howcswd5mg3unrnim6,React,4,1,NULL,NULL,NULL,NULL,NULL,NULL,NULL,NULL,NULL,NULL,NULL,NULL
161,b671lwz4pbsjhcrveym50vz6slvk0fcn,Typescript,4,1,NULL,NULL,NULL,NULL,NULL,NULL,NULL,NULL,NULL,NULL,NULL,NULL
162,sfulpjgrbxgu4enoyucykrn5og47x95m,requests,10,1,NULL,NULL,NULL,NULL,NULL,NULL,NULL,NULL,NULL,NULL,NULL,NULL
163,sfulpjgrbxgu4enoyucykrn5og47x95m,Typescript,10,1,NULL,NULL,NULL,NULL,NULL,NULL,NULL,NULL,NULL,NULL,NULL,NULL
164,9cgsyftwal22z7je6vfux9exdc8hfps8,requests,1,0,NULL,NULL,NULL,NULL,NULL,NULL,NULL,NULL,NULL,NULL,NULL,NULL
165,sfulpjgrbxgu4enoyucykrn5og47x95m,pytest,10,1,NULL,NULL,NULL,NULL,NULL,NULL,NULL,NULL,NULL,NULL,NULL,NULL
166,sw7f2cgu8zlrmnynqfldfuwuk9gko6ch,numpy,3,1,2,2,2,2,2,2,1,2,2,readme,1,Most of the documentation quality metrics are 0 star which seems pretty strange and inaccurate to me. The documented library tasks section also seems quite limited and I feel a google search would be more effective.
167,sw7f2cgu8zlrmnynqfldfuwuk9gko6ch,pytest,3,1,NULL,NULL,NULL,NULL,NULL,NULL,NULL,NULL,NULL,NULL,NULL,NULL
168,hzgw50xg17yrxlasbbqrx2h8d67u30tv,React,3,0,5,2,5,5,3,4,3,2,4,readme,NULL,NULL
169,hzgw50xg17yrxlasbbqrx2h8d67u30tv,numpy,3,0,4,5,5,5,2,5,4,1,4,readme,NULL,NULL
170,0xq9lkjnur4i59lekyqccdbaw365kmdg,JSON-java,3,1,NULL,NULL,NULL,NULL,NULL,NULL,NULL,NULL,NULL,NULL,NULL,NULL
171,vb3d8pxid37izghrk60b9fpufalp4q6u,numpy,NULL,NULL,4,5,5,4,4,4,4,4,5,readme,NULL,NULL
172,tys67a58krqhgfw6oadq8lbf5uq01lfn,JSON-java,1,0,NULL,NULL,NULL,NULL,NULL,NULL,NULL,NULL,NULL,NULL,NULL,NULL
173,bxev19qq07htoobqcnchuq6hpauo4s4w,requests,1,0,NULL,NULL,NULL,NULL,NULL,NULL,NULL,NULL,NULL,NULL,NULL,NULL
174,2cqcltzgqlyeis2hht41mwg2td9mk03m,requests,2,1,NULL,NULL,NULL,NULL,NULL,NULL,NULL,NULL,NULL,NULL,NULL,NULL
175,r833esheg5hdwim6v4migrpepszpkxlh,numpy,1,1,NULL,NULL,NULL,NULL,NULL,NULL,NULL,NULL,NULL,NULL,NULL,NULL
